Workbook

Sheet 1 - Staff Calendar View
A1: AI Fitness Trainers Master Schedule
I4: Week Controls
I5: Edit a Monday date to shift that week block.
B6: Location / Type | C6: =$J$7+0 -> 46209 | D6: =$J$7+1 -> 46210 | E6: =$J$7+2 -> 46211 | F6: =$J$7+3 -> 46212 | G6: =$J$7+4 -> 46213
A7: Wk 11 | B7: Clayton Drop-in | D7: Sener | E7: Sener | F7: Omila | I7: Wk 11 start (Mon) | J7: 46209
D8: Omila | E8: Ekachit | F8: Ekachit
E9: Advay
B10: Caulfield Drop-in | D10: Hailey | E10: Jamein | F10: Sener
D11: Ekachit | F11: Advay
D12: Advay | I12: Wk 12 start (Mon) | J12: 46216
B13: Webinar Faciliator | E13: Omila
B14: Webinar Support | E14: Grace
B15: DSRE All Hands Event | E15: Sener
E16: Ekachit | I16: Wk 13 start (Mon) | J16: 46223
E17: Advay
B18: Gemini Training | G18: All Staff
I20: Wk 14 start (Mon) | J20: 46230
B21: Location / Type | C21: =$J$12+0 -> 46216 | D21: =$J$12+1 -> 46217 | E21: =$J$12+2 -> 46218 | F21: =$J$12+3 -> 46219 | G21: =$J$12+4 -> 46220
A22: Wk 12 | B22: Clayton Drop-in | D22: Sener | E22: Grace | F22: Grace
D23: Jaemin | E23: Ekachit | F23: Ekachit
F24: Hailey | I24: Wk 15 start (Mon) | J24: 46237
B25: Caulfield Drop-in | D25: Hailey | E25: Omila | F25: Omila
E26: Sener | F26: Sener
E27: Jaemin | F27: Cass
B28: Climate Change Remote Drop-In | D28: Omila
D29: Grace
D30: Ekachit
B31: Webinar Support | E31: Cass
B32: Webinars Support Advanced AI: How Do AI Models Work? | I32: Wk 16 start (Mon) | J32: 46244
B34: In Person Sessions
I35: Wk 17 start (Mon) | J35: 46251
B38: Location / Type | C38: =$J$16+0 -> 46223 | D38: =$J$16+1 -> 46224 | E38: =$J$16+2 -> 46225 | F38: =$J$16+3 -> 46226 | G38: =$J$16+4 -> 46227 | I38: Wk 18 start (Mon) | J38: 46258
A39: Wk 13 | B39: Clayton Drop-in | D39: Advay | E39: Yunsoo | F39: Hailey
D40: Cass | E40: Ekachit | F40: Iris
E41: Cass | F41: Omila
B42: Caulfield Drop-in | D42: Sener | E42: Sener | F42: Sener
D43: Ekachit | E43: Advay | F43: Ekachit | I43: Wk 19 start (Mon) | J43: 46265
D44: Jaemin | E44: Grace | F44: Advay
E45: Josh (shadowing)
B46: Webinar Faciliator | E46: Grace
B47: Webinar Support | E47: Advay
B48: Webinar Support | E48: Josh (shadowing)
I49: Caulfield Drop-in | J49: 10:40AM-2:20PM
I50: Webinars | J50: 4:00PM-5:00PM
B51: Location / Type | C51: =$J$20+0 -> 46230 | D51: =$J$20+1 -> 46231 | E51: =$J$20+2 -> 46232 | F51: =$J$20+3 -> 46233 | G51: =$J$20+4 -> 46234 | I51: Training | J51: 9:00AM-10:30AM
A52: Wk 14 | B52: Clayton Drop-in | D52: Sener | E52: Yunsoo | F52: Sener
D53: Advay | E53: Sener | F53: Omila
D54: Hailey | E54: Cass | F54: Hailey
B55: Caulfield Drop-in | D55: Omila | E55: Jaemin | F55: Yunsoo
D56: Jaemin | E56: Ekachit | F56: Ekachit
D57: Ekachit | E57: Josh
B58: Webinar Faciliator | E58: Grace
B59: Webinar Support | E59: Omila
B60: In Person Session
B64: Location / Type | C64: =$J$24+0 -> 46237 | D64: =$J$24+1 -> 46238 | E64: =$J$24+2 -> 46239 | F64: =$J$24+3 -> 46240 | G64: =$J$24+4 -> 46241
A65: Wk 15 | B65: Clayton Drop-in | D65: Sener | E65: Yunsoo | F65: Hailey
D66: Advay | E66: Grace | F66: Josh
D67: Grace | E67: Ekachit | F67: Cass
B68: Caulfield Drop-in | D68: Hailey | E68: Sener
D69: Ekachit | E69: Josh
D70: Omila | E70: Omila | F70: Sener
B71: Peninsula Remote Drop-In | F71: Jaemin
E73: Sener
B74: Webinar Support | E74: Advay
B75: Webinar Support
B76: In Person Session
B80: Location / Type | C80: =$J$32+0 -> 46244 | D80: =$J$32+1 -> 46245 | E80: =$J$32+2 -> 46246 | F80: =$J$32+3 -> 46247 | G80: =$J$32+4 -> 46248
A81: Wk 16 | B81: Clayton Drop-in | D81: Advay | E81: Yunsoo | F81: Hailey
D82: Cass | E82: Sener | F82: Josh
D83: Grace | E83: Omila
B84: Caulfield Drop-in | D84: Hailey | E84: Jaemin | F84: Omila
D85: Sener | E85: Josh | F85: Advay
D86: Ekachit | E86: Grace | F86: Sener
B87: Webinars
B89: In Person Session
B93: Location / Type | C93: =$J$35+0 -> 46251 | D93: =$J$35+1 -> 46252 | E93: =$J$35+2 -> 46253 | F93: =$J$35+3 -> 46254 | G93: =$J$35+4 -> 46255
A94: Wk 17 | B94: Clayton Drop-in
B96: Caulfield Drop-in
B98: Webinars
B100: In Person Session
B104: Location / Type | C104: =$J$38+0 -> 46258 | D104: =$J$38+1 -> 46259 | E104: =$J$38+2 -> 46260 | F104: =$J$38+3 -> 46261 | G104: =$J$38+4 -> 46262
A105: Wk 18 | B105: Clayton Drop-in
B107: Caulfield Drop-in
B109: Webinars
B111: In Person Session
B115: Location / Type | C115: =$J$43+0 -> 46265 | D115: =$J$43+1 -> 46266 | E115: =$J$43+2 -> 46267 | F115: =$J$43+3 -> 46268 | G115: =$J$43+4 -> 46269
A116: Wk 19 | B116: Clayton Drop-in
B118: Caulfield Drop-in
B120: Webinars
B122: In Person Session
A127: Legend
A128: Blue text in the grid | C128: Type one name per row — each shift has a Staff 1 and Staff 2 row. Leave as ‘-’ if unfilled.
A129: Yellow cell (right) | C129: Editable settings — Monday date per week, and the default time per Location/Type.
A130: "-" | C130: No one currently rostered for that slot.
A132: Need a 3rd person on one shift? Insert an extra row inside that Location/Type block and copy its formatting — My Shifts will still find them.

Sheet Webinar  Training Attendance 
A1: Date | B1: Time (AEST) | C1: Duration | D1: Session Title | E1: DeepNeuron Trainers
A2: 46155 | B2: 0.5 | C2: 1 hr | D2: Become AI Native | E2: Advay Kumar, Sener Sethi, Cass Whitehead, Grace Moss
A3: 46162 | B3: 0.5 | C3: 1 hr | D3: NotebookLM: Unlock Your Knowledge With AI | E3: Sener Sethi, Yunsoo Jin, Daksh Malhotra
A4: 46167 | B4: 0.375 | C4: 7 hrs | D4: Gemini Certification for Trainers | E4: Matthew Chung, Daksh Malhotra, Advay Kumar, Omila herath (attending training) Hailey Moffatt (attending training)
A5: 46169 | B5: 0.5 | C5: 1 hr | D5: Advanced AI: Agents | E5: Matthew Chung, Cass Whitehead
A6: 46176 | B6: 0.5 | C6: 1 hr | D6: AI at Monash: a practical introduction | E6: Hailey Moffatt, Iris Nguyen
A7: 46182 | B7: 0.5 | C7: 1 hr | D7: Creating Presentation Materials with Gemini | E7: Ekachit Hurreeram, Cass Whitehead
A8: 46188 | B8: 0.5 | C8: 1 hr | D8: Deep Dive into Gemini Deep Research | E8: Cass Whitehead, Daksh Malhotra
A9: 46196 | B9: 0.5 | C9: 1 hr | D9: Image creation with Gemini | E9: Ekachit Hurreeram,
A10: Tues, 30 June | B10: 0.375 | C10: 1 hr | D10: Gemini Certification for Trainers | E10: Ekachit Hurreeram, Omila Herath
A11: 46204 | B11: 0.5 | C11: 1 hr | D11: Advanced AI: Context Engineering | E11: Cass Whitehead, Advay Kumar
A12: 46211 | B12: 0.5 | C12: 1 hr | D12: ON HOLD: Introduction to Gemini Part 1 (Gems, Guided Learning & Canvas)
A13: 46218 | B13: 0.5 | C13: 1 hr | D13: Advanced AI: How Models Work

Sheet 3 - Shift Data (auto)
A1: Week | B1: Date | C1: Day | D1: Location / Type | E1: Time | F1: Staff | G1: Working With | H1: MatchRank
A2: ='1 - Staff Calendar View'!$A$7 -> Wk 11 | B2: ='1 - Staff Calendar View'!C$6 -> 46209 | C2: =TEXT(B2,"ddd") -> Mon | D2: ='1 - Staff Calendar View'!$B$7 -> Clayton Drop-in | E2: =VLOOKUP(D2,'1 - Staff Calendar View'!$I$49:$J$51,2,FALSE()) -> #N/A | F2: ='1 - Staff Calendar View'!C$7 | G2: =IF('1 - Staff Calendar View'!C$9="-","-",'1 - Staff Calendar View'!C$9) | H2: =IF('2 - My Shifts'!$C$4="","",IF(OR(F2="-",F2=""),"",IF(UPPER(TRIM(F2))=UPPER(TRIM('2 - My Shifts'!$C$4)),ROW()-1,""))) -> #REF!
A3: ='1 - Staff Calendar View'!$A$7 -> Wk 11 | B3: ='1 - Staff Calendar View'!C$6 -> 46209 | C3: =TEXT(B3,"ddd") -> Mon | D3: ='1 - Staff Calendar View'!$B$7 -> Clayton Drop-in | E3: =VLOOKUP(D3,'1 - Staff Calendar View'!$I$49:$J$51,2,FALSE()) -> #N/A | F3: ='1 - Staff Calendar View'!C$9 | G3: =IF('1 - Staff Calendar View'!C$7="-","-",'1 - Staff Calendar View'!C$7) | H3: =IF('2 - My Shifts'!$C$4="","",IF(OR(F3="-",F3=""),"",IF(UPPER(TRIM(F3))=UPPER(TRIM('2 - My Shifts'!$C$4)),ROW()-1,""))) -> #REF!
A4: ='1 - Staff Calendar View'!$A$7 -> Wk 11 | B4: ='1 - Staff Calendar View'!C$6 -> 46209 | C4: =TEXT(B4,"ddd") -> Mon | D4: ='1 - Staff Calendar View'!$B$10 -> Caulfield Drop-in | E4: =VLOOKUP(D4,'1 - Staff Calendar View'!$I$49:$J$51,2,FALSE()) -> 10:40AM-2:20PM | F4: ='1 - Staff Calendar View'!C$10 | G4: =IF('1 - Staff Calendar View'!C$12="-","-",'1 - Staff Calendar View'!C$12) | H4: =IF('2 - My Shifts'!$C$4="","",IF(OR(F4="-",F4=""),"",IF(UPPER(TRIM(F4))=UPPER(TRIM('2 - My Shifts'!$C$4)),ROW()-1,""))) -> #REF!
A5: ='1 - Staff Calendar View'!$A$7 -> Wk 11 | B5: ='1 - Staff Calendar View'!C$6 -> 46209 | C5: =TEXT(B5,"ddd") -> Mon | D5: ='1 - Staff Calendar View'!$B$10 -> Caulfield Drop-in | E5: =VLOOKUP(D5,'1 - Staff Calendar View'!$I$49:$J$51,2,FALSE()) -> 10:40AM-2:20PM | F5: ='1 - Staff Calendar View'!C$12 | G5: =IF('1 - Staff Calendar View'!C$10="-","-",'1 - Staff Calendar View'!C$10) | H5: =IF('2 - My Shifts'!$C$4="","",IF(OR(F5="-",F5=""),"",IF(UPPER(TRIM(F5))=UPPER(TRIM('2 - My Shifts'!$C$4)),ROW()-1,""))) -> #REF!
A6: ='1 - Staff Calendar View'!$A$7 -> Wk 11 | B6: ='1 - Staff Calendar View'!C$6 -> 46209 | C6: =TEXT(B6,"ddd") -> Mon | D6: ='1 - Staff Calendar View'!$B$13 -> Webinar Faciliator | E6: =VLOOKUP(D6,'1 - Staff Calendar View'!$I$49:$J$51,2,FALSE()) -> #N/A | F6: ='1 - Staff Calendar View'!C$13 | G6: =IF('1 - Staff Calendar View'!C$14="-","-",'1 - Staff Calendar View'!C$14) | H6: =IF('2 - My Shifts'!$C$4="","",IF(OR(F6="-",F6=""),"",IF(UPPER(TRIM(F6))=UPPER(TRIM('2 - My Shifts'!$C$4)),ROW()-1,""))) -> #REF!
A7: ='1 - Staff Calendar View'!$A$7 -> Wk 11 | B7: ='1 - Staff Calendar View'!C$6 -> 46209 | C7: =TEXT(B7,"ddd") -> Mon | D7: ='1 - Staff Calendar View'!$B$13 -> Webinar Faciliator | E7: =VLOOKUP(D7,'1 - Staff Calendar View'!$I$49:$J$51,2,FALSE()) -> #N/A | F7: ='1 - Staff Calendar View'!C$14 | G7: =IF('1 - Staff Calendar View'!C$13="-","-",'1 - Staff Calendar View'!C$13) | H7: =IF('2 - My Shifts'!$C$4="","",IF(OR(F7="-",F7=""),"",IF(UPPER(TRIM(F7))=UPPER(TRIM('2 - My Shifts'!$C$4)),ROW()-1,""))) -> #REF!
A8: ='1 - Staff Calendar View'!$A$7 -> Wk 11 | B8: ='1 - Staff Calendar View'!C$6 -> 46209 | C8: =TEXT(B8,"ddd") -> Mon | D8: ='1 - Staff Calendar View'!$B$16 | E8: =VLOOKUP(D8,'1 - Staff Calendar View'!$I$49:$J$51,2,FALSE()) -> #N/A | F8: ='1 - Staff Calendar View'!C$16 | G8: =IF('1 - Staff Calendar View'!C$18="-","-",'1 - Staff Calendar View'!C$18) | H8: =IF('2 - My Shifts'!$C$4="","",IF(OR(F8="-",F8=""),"",IF(UPPER(TRIM(F8))=UPPER(TRIM('2 - My Shifts'!$C$4)),ROW()-1,""))) -> #REF!
A9: ='1 - Staff Calendar View'!$A$7 -> Wk 11 | B9: ='1 - Staff Calendar View'!C$6 -> 46209 | C9: =TEXT(B9,"ddd") -> Mon | D9: ='1 - Staff Calendar View'!$B$16 | E9: =VLOOKUP(D9,'1 - Staff Calendar View'!$I$49:$J$51,2,FALSE()) -> #N/A | F9: ='1 - Staff Calendar View'!C$18 | G9: =IF('1 - Staff Calendar View'!C$16="-","-",'1 - Staff Calendar View'!C$16) | H9: =IF('2 - My Shifts'!$C$4="","",IF(OR(F9="-",F9=""),"",IF(UPPER(TRIM(F9))=UPPER(TRIM('2 - My Shifts'!$C$4)),ROW()-1,""))) -> #REF!
A10: ='1 - Staff Calendar View'!$A$7 -> Wk 11 | B10: ='1 - Staff Calendar View'!D$6 -> 46210 | C10: =TEXT(B10,"ddd") -> Tue | D10: ='1 - Staff Calendar View'!$B$7 -> Clayton Drop-in | E10: =VLOOKUP(D10,'1 - Staff Calendar View'!$I$49:$J$51,2,FALSE()) -> #N/A | F10: ='1 - Staff Calendar View'!D$7 -> Sener | G10: =IF('1 - Staff Calendar View'!D$9="-","-",'1 - Staff Calendar View'!D$9) | H10: =IF('2 - My Shifts'!$C$4="","",IF(OR(F10="-",F10=""),"",IF(UPPER(TRIM(F10))=UPPER(TRIM('2 - My Shifts'!$C$4)),ROW()-1,""))) -> #REF!
A11: ='1 - Staff Calendar View'!$A$7 -> Wk 11 | B11: ='1 - Staff Calendar View'!D$6 -> 46210 | C11: =TEXT(B11,"ddd") -> Tue | D11: ='1 - Staff Calendar View'!$B$7 -> Clayton Drop-in | E11: =VLOOKUP(D11,'1 - Staff Calendar View'!$I$49:$J$51,2,FALSE()) -> #N/A | F11: ='1 - Staff Calendar View'!D$9 | G11: =IF('1 - Staff Calendar View'!D$7="-","-",'1 - Staff Calendar View'!D$7) -> Sener | H11: =IF('2 - My Shifts'!$C$4="","",IF(OR(F11="-",F11=""),"",IF(UPPER(TRIM(F11))=UPPER(TRIM('2 - My Shifts'!$C$4)),ROW()-1,""))) -> #REF!
A12: ='1 - Staff Calendar View'!$A$7 -> Wk 11 | B12: ='1 - Staff Calendar View'!D$6 -> 46210 | C12: =TEXT(B12,"ddd") -> Tue | D12: ='1 - Staff Calendar View'!$B$10 -> Caulfield Drop-in | E12: =VLOOKUP(D12,'1 - Staff Calendar View'!$I$49:$J$51,2,FALSE()) -> 10:40AM-2:20PM | F12: ='1 - Staff Calendar View'!D$10 -> Hailey | G12: =IF('1 - Staff Calendar View'!D$12="-","-",'1 - Staff Calendar View'!D$12) -> Advay | H12: =IF('2 - My Shifts'!$C$4="","",IF(OR(F12="-",F12=""),"",IF(UPPER(TRIM(F12))=UPPER(TRIM('2 - My Shifts'!$C$4)),ROW()-1,""))) -> #REF!
A13: ='1 - Staff Calendar View'!$A$7 -> Wk 11 | B13: ='1 - Staff Calendar View'!D$6 -> 46210 | C13: =TEXT(B13,"ddd") -> Tue | D13: ='1 - Staff Calendar View'!$B$10 -> Caulfield Drop-in | E13: =VLOOKUP(D13,'1 - Staff Calendar View'!$I$49:$J$51,2,FALSE()) -> 10:40AM-2:20PM | F13: ='1 - Staff Calendar View'!D$12 -> Advay | G13: =IF('1 - Staff Calendar View'!D$10="-","-",'1 - Staff Calendar View'!D$10) -> Hailey | H13: =IF('2 - My Shifts'!$C$4="","",IF(OR(F13="-",F13=""),"",IF(UPPER(TRIM(F13))=UPPER(TRIM('2 - My Shifts'!$C$4)),ROW()-1,""))) -> #REF!
A14: ='1 - Staff Calendar View'!$A$7 -> Wk 11 | B14: ='1 - Staff Calendar View'!D$6 -> 46210 | C14: =TEXT(B14,"ddd") -> Tue | D14: ='1 - Staff Calendar View'!$B$13 -> Webinar Faciliator | E14: =VLOOKUP(D14,'1 - Staff Calendar View'!$I$49:$J$51,2,FALSE()) -> #N/A | F14: ='1 - Staff Calendar View'!D$13 | G14: =IF('1 - Staff Calendar View'!D$14="-","-",'1 - Staff Calendar View'!D$14) | H14: =IF('2 - My Shifts'!$C$4="","",IF(OR(F14="-",F14=""),"",IF(UPPER(TRIM(F14))=UPPER(TRIM('2 - My Shifts'!$C$4)),ROW()-1,""))) -> #REF!
A15: ='1 - Staff Calendar View'!$A$7 -> Wk 11 | B15: ='1 - Staff Calendar View'!D$6 -> 46210 | C15: =TEXT(B15,"ddd") -> Tue | D15: ='1 - Staff Calendar View'!$B$13 -> Webinar Faciliator | E15: =VLOOKUP(D15,'1 - Staff Calendar View'!$I$49:$J$51,2,FALSE()) -> #N/A | F15: ='1 - Staff Calendar View'!D$14 | G15: =IF('1 - Staff Calendar View'!D$13="-","-",'1 - Staff Calendar View'!D$13) | H15: =IF('2 - My Shifts'!$C$4="","",IF(OR(F15="-",F15=""),"",IF(UPPER(TRIM(F15))=UPPER(TRIM('2 - My Shifts'!$C$4)),ROW()-1,""))) -> #REF!
A16: ='1 - Staff Calendar View'!$A$7 -> Wk 11 | B16: ='1 - Staff Calendar View'!D$6 -> 46210 | C16: =TEXT(B16,"ddd") -> Tue | D16: ='1 - Staff Calendar View'!$B$16 | E16: =VLOOKUP(D16,'1 - Staff Calendar View'!$I$49:$J$51,2,FALSE()) -> #N/A | F16: ='1 - Staff Calendar View'!D$16 | G16: =IF('1 - Staff Calendar View'!D$18="-","-",'1 - Staff Calendar View'!D$18) | H16: =IF('2 - My Shifts'!$C$4="","",IF(OR(F16="-",F16=""),"",IF(UPPER(TRIM(F16))=UPPER(TRIM('2 - My Shifts'!$C$4)),ROW()-1,""))) -> #REF!
A17: ='1 - Staff Calendar View'!$A$7 -> Wk 11 | B17: ='1 - Staff Calendar View'!D$6 -> 46210 | C17: =TEXT(B17,"ddd") -> Tue | D17: ='1 - Staff Calendar View'!$B$16 | E17: =VLOOKUP(D17,'1 - Staff Calendar View'!$I$49:$J$51,2,FALSE()) -> #N/A | F17: ='1 - Staff Calendar View'!D$18 | G17: =IF('1 - Staff Calendar View'!D$16="-","-",'1 - Staff Calendar View'!D$16) | H17: =IF('2 - My Shifts'!$C$4="","",IF(OR(F17="-",F17=""),"",IF(UPPER(TRIM(F17))=UPPER(TRIM('2 - My Shifts'!$C$4)),ROW()-1,""))) -> #REF!
A18: ='1 - Staff Calendar View'!$A$7 -> Wk 11 | B18: ='1 - Staff Calendar View'!E$6 -> 46211 | C18: =TEXT(B18,"ddd") -> Wed | D18: ='1 - Staff Calendar View'!$B$7 -> Clayton Drop-in | E18: =VLOOKUP(D18,'1 - Staff Calendar View'!$I$49:$J$51,2,FALSE()) -> #N/A | F18: ='1 - Staff Calendar View'!E$7 -> Sener | G18: =IF('1 - Staff Calendar View'!E$9="-","-",'1 - Staff Calendar View'!E$9) -> Advay | H18: =IF('2 - My Shifts'!$C$4="","",IF(OR(F18="-",F18=""),"",IF(UPPER(TRIM(F18))=UPPER(TRIM('2 - My Shifts'!$C$4)),ROW()-1,""))) -> #REF!
A19: ='1 - Staff Calendar View'!$A$7 -> Wk 11 | B19: ='1 - Staff Calendar View'!E$6 -> 46211 | C19: =TEXT(B19,"ddd") -> Wed | D19: ='1 - Staff Calendar View'!$B$7 -> Clayton Drop-in | E19: =VLOOKUP(D19,'1 - Staff Calendar View'!$I$49:$J$51,2,FALSE()) -> #N/A | F19: ='1 - Staff Calendar View'!E$9 -> Advay | G19: =IF('1 - Staff Calendar View'!E$7="-","-",'1 - Staff Calendar View'!E$7) -> Sener | H19: =IF('2 - My Shifts'!$C$4="","",IF(OR(F19="-",F19=""),"",IF(UPPER(TRIM(F19))=UPPER(TRIM('2 - My Shifts'!$C$4)),ROW()-1,""))) -> #REF!
A20: ='1 - Staff Calendar View'!$A$7 -> Wk 11 | B20: ='1 - Staff Calendar View'!E$6 -> 46211 | C20: =TEXT(B20,"ddd") -> Wed | D20: ='1 - Staff Calendar View'!$B$10 -> Caulfield Drop-in | E20: =VLOOKUP(D20,'1 - Staff Calendar View'!$I$49:$J$51,2,FALSE()) -> 10:40AM-2:20PM | F20: ='1 - Staff Calendar View'!E$10 -> Jamein | G20: =IF('1 - Staff Calendar View'!E$12="-","-",'1 - Staff Calendar View'!E$12) | H20: =IF('2 - My Shifts'!$C$4="","",IF(OR(F20="-",F20=""),"",IF(UPPER(TRIM(F20))=UPPER(TRIM('2 - My Shifts'!$C$4)),ROW()-1,""))) -> #REF!
A21: ='1 - Staff Calendar View'!$A$7 -> Wk 11 | B21: ='1 - Staff Calendar View'!E$6 -> 46211 | C21: =TEXT(B21,"ddd") -> Wed | D21: ='1 - Staff Calendar View'!$B$10 -> Caulfield Drop-in | E21: =VLOOKUP(D21,'1 - Staff Calendar View'!$I$49:$J$51,2,FALSE()) -> 10:40AM-2:20PM | F21: ='1 - Staff Calendar View'!E$12 | G21: =IF('1 - Staff Calendar View'!E$10="-","-",'1 - Staff Calendar View'!E$10) -> Jamein | H21: =IF('2 - My Shifts'!$C$4="","",IF(OR(F21="-",F21=""),"",IF(UPPER(TRIM(F21))=UPPER(TRIM('2 - My Shifts'!$C$4)),ROW()-1,""))) -> #REF!
A22: ='1 - Staff Calendar View'!$A$7 -> Wk 11 | B22: ='1 - Staff Calendar View'!E$6 -> 46211 | C22: =TEXT(B22,"ddd") -> Wed | D22: ='1 - Staff Calendar View'!$B$13 -> Webinar Faciliator | E22: =VLOOKUP(D22,'1 - Staff Calendar View'!$I$49:$J$51,2,FALSE()) -> #N/A | F22: ='1 - Staff Calendar View'!E$13 -> Omila | G22: =IF('1 - Staff Calendar View'!E$14="-","-",'1 - Staff Calendar View'!E$14) -> Grace | H22: =IF('2 - My Shifts'!$C$4="","",IF(OR(F22="-",F22=""),"",IF(UPPER(TRIM(F22))=UPPER(TRIM('2 - My Shifts'!$C$4)),ROW()-1,""))) -> #REF!
A23: ='1 - Staff Calendar View'!$A$7 -> Wk 11 | B23: ='1 - Staff Calendar View'!E$6 -> 46211 | C23: =TEXT(B23,"ddd") -> Wed | D23: ='1 - Staff Calendar View'!$B$13 -> Webinar Faciliator | E23: =VLOOKUP(D23,'1 - Staff Calendar View'!$I$49:$J$51,2,FALSE()) -> #N/A | F23: ='1 - Staff Calendar View'!E$14 -> Grace | G23: =IF('1 - Staff Calendar View'!E$13="-","-",'1 - Staff Calendar View'!E$13) -> Omila | H23: =IF('2 - My Shifts'!$C$4="","",IF(OR(F23="-",F23=""),"",IF(UPPER(TRIM(F23))=UPPER(TRIM('2 - My Shifts'!$C$4)),ROW()-1,""))) -> #REF!
A24: ='1 - Staff Calendar View'!$A$7 -> Wk 11 | B24: ='1 - Staff Calendar View'!E$6 -> 46211 | C24: =TEXT(B24,"ddd") -> Wed | D24: ='1 - Staff Calendar View'!$B$16 | E24: =VLOOKUP(D24,'1 - Staff Calendar View'!$I$49:$J$51,2,FALSE()) -> #N/A | F24: ='1 - Staff Calendar View'!E$16 -> Ekachit | G24: =IF('1 - Staff Calendar View'!E$18="-","-",'1 - Staff Calendar View'!E$18) | H24: =IF('2 - My Shifts'!$C$4="","",IF(OR(F24="-",F24=""),"",IF(UPPER(TRIM(F24))=UPPER(TRIM('2 - My Shifts'!$C$4)),ROW()-1,""))) -> #REF!
A25: ='1 - Staff Calendar View'!$A$7 -> Wk 11 | B25: ='1 - Staff Calendar View'!E$6 -> 46211 | C25: =TEXT(B25,"ddd") -> Wed | D25: ='1 - Staff Calendar View'!$B$16 | E25: =VLOOKUP(D25,'1 - Staff Calendar View'!$I$49:$J$51,2,FALSE()) -> #N/A | F25: ='1 - Staff Calendar View'!E$18 | G25: =IF('1 - Staff Calendar View'!E$16="-","-",'1 - Staff Calendar View'!E$16) -> Ekachit | H25: =IF('2 - My Shifts'!$C$4="","",IF(OR(F25="-",F25=""),"",IF(UPPER(TRIM(F25))=UPPER(TRIM('2 - My Shifts'!$C$4)),ROW()-1,""))) -> #REF!
A26: ='1 - Staff Calendar View'!$A$7 -> Wk 11 | B26: ='1 - Staff Calendar View'!F$6 -> 46212 | C26: =TEXT(B26,"ddd") -> Thu | D26: ='1 - Staff Calendar View'!$B$7 -> Clayton Drop-in | E26: =VLOOKUP(D26,'1 - Staff Calendar View'!$I$49:$J$51,2,FALSE()) -> #N/A | F26: ='1 - Staff Calendar View'!F$7 -> Omila | G26: =IF('1 - Staff Calendar View'!F$9="-","-",'1 - Staff Calendar View'!F$9) | H26: =IF('2 - My Shifts'!$C$4="","",IF(OR(F26="-",F26=""),"",IF(UPPER(TRIM(F26))=UPPER(TRIM('2 - My Shifts'!$C$4)),ROW()-1,""))) -> #REF!
A27: ='1 - Staff Calendar View'!$A$7 -> Wk 11 | B27: ='1 - Staff Calendar View'!F$6 -> 46212 | C27: =TEXT(B27,"ddd") -> Thu | D27: ='1 - Staff Calendar View'!$B$7 -> Clayton Drop-in | E27: =VLOOKUP(D27,'1 - Staff Calendar View'!$I$49:$J$51,2,FALSE()) -> #N/A | F27: ='1 - Staff Calendar View'!F$9 | G27: =IF('1 - Staff Calendar View'!F$7="-","-",'1 - Staff Calendar View'!F$7) -> Omila | H27: =IF('2 - My Shifts'!$C$4="","",IF(OR(F27="-",F27=""),"",IF(UPPER(TRIM(F27))=UPPER(TRIM('2 - My Shifts'!$C$4)),ROW()-1,""))) -> #REF!
A28: ='1 - Staff Calendar View'!$A$7 -> Wk 11 | B28: ='1 - Staff Calendar View'!F$6 -> 46212 | C28: =TEXT(B28,"ddd") -> Thu | D28: ='1 - Staff Calendar View'!$B$10 -> Caulfield Drop-in | E28: =VLOOKUP(D28,'1 - Staff Calendar View'!$I$49:$J$51,2,FALSE()) -> 10:40AM-2:20PM | F28: ='1 - Staff Calendar View'!F$10 -> Sener | G28: =IF('1 - Staff Calendar View'!F$12="-","-",'1 - Staff Calendar View'!F$12) | H28: =IF('2 - My Shifts'!$C$4="","",IF(OR(F28="-",F28=""),"",IF(UPPER(TRIM(F28))=UPPER(TRIM('2 - My Shifts'!$C$4)),ROW()-1,""))) -> #REF!
A29: ='1 - Staff Calendar View'!$A$7 -> Wk 11 | B29: ='1 - Staff Calendar View'!F$6 -> 46212 | C29: =TEXT(B29,"ddd") -> Thu | D29: ='1 - Staff Calendar View'!$B$10 -> Caulfield Drop-in | E29: =VLOOKUP(D29,'1 - Staff Calendar View'!$I$49:$J$51,2,FALSE()) -> 10:40AM-2:20PM | F29: ='1 - Staff Calendar View'!F$12 | G29: =IF('1 - Staff Calendar View'!F$10="-","-",'1 - Staff Calendar View'!F$10) -> Sener | H29: =IF('2 - My Shifts'!$C$4="","",IF(OR(F29="-",F29=""),"",IF(UPPER(TRIM(F29))=UPPER(TRIM('2 - My Shifts'!$C$4)),ROW()-1,""))) -> #REF!
A30: ='1 - Staff Calendar View'!$A$7 -> Wk 11 | B30: ='1 - Staff Calendar View'!F$6 -> 46212 | C30: =TEXT(B30,"ddd") -> Thu | D30: ='1 - Staff Calendar View'!$B$13 -> Webinar Faciliator | E30: =VLOOKUP(D30,'1 - Staff Calendar View'!$I$49:$J$51,2,FALSE()) -> #N/A | F30: ='1 - Staff Calendar View'!F$13 | G30: =IF('1 - Staff Calendar View'!F$14="-","-",'1 - Staff Calendar View'!F$14) | H30: =IF('2 - My Shifts'!$C$4="","",IF(OR(F30="-",F30=""),"",IF(UPPER(TRIM(F30))=UPPER(TRIM('2 - My Shifts'!$C$4)),ROW()-1,""))) -> #REF!
A31: ='1 - Staff Calendar View'!$A$7 -> Wk 11 | B31: ='1 - Staff Calendar View'!F$6 -> 46212 | C31: =TEXT(B31,"ddd") -> Thu | D31: ='1 - Staff Calendar View'!$B$13 -> Webinar Faciliator | E31: =VLOOKUP(D31,'1 - Staff Calendar View'!$I$49:$J$51,2,FALSE()) -> #N/A | F31: ='1 - Staff Calendar View'!F$14 | G31: =IF('1 - Staff Calendar View'!F$13="-","-",'1 - Staff Calendar View'!F$13) | H31: =IF('2 - My Shifts'!$C$4="","",IF(OR(F31="-",F31=""),"",IF(UPPER(TRIM(F31))=UPPER(TRIM('2 - My Shifts'!$C$4)),ROW()-1,""))) -> #REF!
A32: ='1 - Staff Calendar View'!$A$7 -> Wk 11 | B32: ='1 - Staff Calendar View'!F$6 -> 46212 | C32: =TEXT(B32,"ddd") -> Thu | D32: ='1 - Staff Calendar View'!$B$16 | E32: =VLOOKUP(D32,'1 - Staff Calendar View'!$I$49:$J$51,2,FALSE()) -> #N/A | F32: ='1 - Staff Calendar View'!F$16 | G32: =IF('1 - Staff Calendar View'!F$18="-","-",'1 - Staff Calendar View'!F$18) | H32: =IF('2 - My Shifts'!$C$4="","",IF(OR(F32="-",F32=""),"",IF(UPPER(TRIM(F32))=UPPER(TRIM('2 - My Shifts'!$C$4)),ROW()-1,""))) -> #REF!
A33: ='1 - Staff Calendar View'!$A$7 -> Wk 11 | B33: ='1 - Staff Calendar View'!F$6 -> 46212 | C33: =TEXT(B33,"ddd") -> Thu | D33: ='1 - Staff Calendar View'!$B$16 | E33: =VLOOKUP(D33,'1 - Staff Calendar View'!$I$49:$J$51,2,FALSE()) -> #N/A | F33: ='1 - Staff Calendar View'!F$18 | G33: =IF('1 - Staff Calendar View'!F$16="-","-",'1 - Staff Calendar View'!F$16) | H33: =IF('2 - My Shifts'!$C$4="","",IF(OR(F33="-",F33=""),"",IF(UPPER(TRIM(F33))=UPPER(TRIM('2 - My Shifts'!$C$4)),ROW()-1,""))) -> #REF!
A34: ='1 - Staff Calendar View'!$A$7 -> Wk 11 | B34: ='1 - Staff Calendar View'!G$6 -> 46213 | C34: =TEXT(B34,"ddd") -> Fri | D34: ='1 - Staff Calendar View'!$B$7 -> Clayton Drop-in | E34: =VLOOKUP(D34,'1 - Staff Calendar View'!$I$49:$J$51,2,FALSE()) -> #N/A | F34: ='1 - Staff Calendar View'!G$7 | G34: =IF('1 - Staff Calendar View'!G$9="-","-",'1 - Staff Calendar View'!G$9) | H34: =IF('2 - My Shifts'!$C$4="","",IF(OR(F34="-",F34=""),"",IF(UPPER(TRIM(F34))=UPPER(TRIM('2 - My Shifts'!$C$4)),ROW()-1,""))) -> #REF!
A35: ='1 - Staff Calendar View'!$A$7 -> Wk 11 | B35: ='1 - Staff Calendar View'!G$6 -> 46213 | C35: =TEXT(B35,"ddd") -> Fri | D35: ='1 - Staff Calendar View'!$B$7 -> Clayton Drop-in | E35: =VLOOKUP(D35,'1 - Staff Calendar View'!$I$49:$J$51,2,FALSE()) -> #N/A | F35: ='1 - Staff Calendar View'!G$9 | G35: =IF('1 - Staff Calendar View'!G$7="-","-",'1 - Staff Calendar View'!G$7) | H35: =IF('2 - My Shifts'!$C$4="","",IF(OR(F35="-",F35=""),"",IF(UPPER(TRIM(F35))=UPPER(TRIM('2 - My Shifts'!$C$4)),ROW()-1,""))) -> #REF!
A36: ='1 - Staff Calendar View'!$A$7 -> Wk 11 | B36: ='1 - Staff Calendar View'!G$6 -> 46213 | C36: =TEXT(B36,"ddd") -> Fri | D36: ='1 - Staff Calendar View'!$B$10 -> Caulfield Drop-in | E36: =VLOOKUP(D36,'1 - Staff Calendar View'!$I$49:$J$51,2,FALSE()) -> 10:40AM-2:20PM | F36: ='1 - Staff Calendar View'!G$10 | G36: =IF('1 - Staff Calendar View'!G$12="-","-",'1 - Staff Calendar View'!G$12) | H36: =IF('2 - My Shifts'!$C$4="","",IF(OR(F36="-",F36=""),"",IF(UPPER(TRIM(F36))=UPPER(TRIM('2 - My Shifts'!$C$4)),ROW()-1,""))) -> #REF!
A37: ='1 - Staff Calendar View'!$A$7 -> Wk 11 | B37: ='1 - Staff Calendar View'!G$6 -> 46213 | C37: =TEXT(B37,"ddd") -> Fri | D37: ='1 - Staff Calendar View'!$B$10 -> Caulfield Drop-in | E37: =VLOOKUP(D37,'1 - Staff Calendar View'!$I$49:$J$51,2,FALSE()) -> 10:40AM-2:20PM | F37: ='1 - Staff Calendar View'!G$12 | G37: =IF('1 - Staff Calendar View'!G$10="-","-",'1 - Staff Calendar View'!G$10) | H37: =IF('2 - My Shifts'!$C$4="","",IF(OR(F37="-",F37=""),"",IF(UPPER(TRIM(F37))=UPPER(TRIM('2 - My Shifts'!$C$4)),ROW()-1,""))) -> #REF!
A38: ='1 - Staff Calendar View'!$A$7 -> Wk 11 | B38: ='1 - Staff Calendar View'!G$6 -> 46213 | C38: =TEXT(B38,"ddd") -> Fri | D38: ='1 - Staff Calendar View'!$B$13 -> Webinar Faciliator | E38: =VLOOKUP(D38,'1 - Staff Calendar View'!$I$49:$J$51,2,FALSE()) -> #N/A | F38: ='1 - Staff Calendar View'!G$13 | G38: =IF('1 - Staff Calendar View'!G$14="-","-",'1 - Staff Calendar View'!G$14) | H38: =IF('2 - My Shifts'!$C$4="","",IF(OR(F38="-",F38=""),"",IF(UPPER(TRIM(F38))=UPPER(TRIM('2 - My Shifts'!$C$4)),ROW()-1,""))) -> #REF!
A39: ='1 - Staff Calendar View'!$A$7 -> Wk 11 | B39: ='1 - Staff Calendar View'!G$6 -> 46213 | C39: =TEXT(B39,"ddd") -> Fri | D39: ='1 - Staff Calendar View'!$B$13 -> Webinar Faciliator | E39: =VLOOKUP(D39,'1 - Staff Calendar View'!$I$49:$J$51,2,FALSE()) -> #N/A | F39: ='1 - Staff Calendar View'!G$14 | G39: =IF('1 - Staff Calendar View'!G$13="-","-",'1 - Staff Calendar View'!G$13) | H39: =IF('2 - My Shifts'!$C$4="","",IF(OR(F39="-",F39=""),"",IF(UPPER(TRIM(F39))=UPPER(TRIM('2 - My Shifts'!$C$4)),ROW()-1,""))) -> #REF!
A40: ='1 - Staff Calendar View'!$A$7 -> Wk 11 | B40: ='1 - Staff Calendar View'!G$6 -> 46213 | C40: =TEXT(B40,"ddd") -> Fri | D40: ='1 - Staff Calendar View'!$B$16 | E40: =VLOOKUP(D40,'1 - Staff Calendar View'!$I$49:$J$51,2,FALSE()) -> #N/A | F40: ='1 - Staff Calendar View'!G$16 | G40: =IF('1 - Staff Calendar View'!G$18="-","-",'1 - Staff Calendar View'!G$18) -> All Staff | H40: =IF('2 - My Shifts'!$C$4="","",IF(OR(F40="-",F40=""),"",IF(UPPER(TRIM(F40))=UPPER(TRIM('2 - My Shifts'!$C$4)),ROW()-1,""))) -> #REF!
A41: ='1 - Staff Calendar View'!$A$7 -> Wk 11 | B41: ='1 - Staff Calendar View'!G$6 -> 46213 | C41: =TEXT(B41,"ddd") -> Fri | D41: ='1 - Staff Calendar View'!$B$16 | E41: =VLOOKUP(D41,'1 - Staff Calendar View'!$I$49:$J$51,2,FALSE()) -> #N/A | F41: ='1 - Staff Calendar View'!G$18 -> All Staff | G41: =IF('1 - Staff Calendar View'!G$16="-","-",'1 - Staff Calendar View'!G$16) | H41: =IF('2 - My Shifts'!$C$4="","",IF(OR(F41="-",F41=""),"",IF(UPPER(TRIM(F41))=UPPER(TRIM('2 - My Shifts'!$C$4)),ROW()-1,""))) -> #REF!
A42: ='1 - Staff Calendar View'!$A$22 -> Wk 12 | B42: ='1 - Staff Calendar View'!C$21 -> 46216 | C42: =TEXT(B42,"ddd") -> Mon | D42: ='1 - Staff Calendar View'!$B$22 -> Clayton Drop-in | E42: =VLOOKUP(D42,'1 - Staff Calendar View'!$I$49:$J$51,2,FALSE()) -> #N/A | F42: ='1 - Staff Calendar View'!C$22 | G42: =IF('1 - Staff Calendar View'!C$24="-","-",'1 - Staff Calendar View'!C$24) | H42: =IF('2 - My Shifts'!$C$4="","",IF(OR(F42="-",F42=""),"",IF(UPPER(TRIM(F42))=UPPER(TRIM('2 - My Shifts'!$C$4)),ROW()-1,""))) -> #REF!
A43: ='1 - Staff Calendar View'!$A$22 -> Wk 12 | B43: ='1 - Staff Calendar View'!C$21 -> 46216 | C43: =TEXT(B43,"ddd") -> Mon | D43: ='1 - Staff Calendar View'!$B$22 -> Clayton Drop-in | E43: =VLOOKUP(D43,'1 - Staff Calendar View'!$I$49:$J$51,2,FALSE()) -> #N/A | F43: ='1 - Staff Calendar View'!C$24 | G43: =IF('1 - Staff Calendar View'!C$22="-","-",'1 - Staff Calendar View'!C$22) | H43: =IF('2 - My Shifts'!$C$4="","",IF(OR(F43="-",F43=""),"",IF(UPPER(TRIM(F43))=UPPER(TRIM('2 - My Shifts'!$C$4)),ROW()-1,""))) -> #REF!
A44: ='1 - Staff Calendar View'!$A$22 -> Wk 12 | B44: ='1 - Staff Calendar View'!C$21 -> 46216 | C44: =TEXT(B44,"ddd") -> Mon | D44: ='1 - Staff Calendar View'!$B$25 -> Caulfield Drop-in | E44: =VLOOKUP(D44,'1 - Staff Calendar View'!$I$49:$J$51,2,FALSE()) -> 10:40AM-2:20PM | F44: ='1 - Staff Calendar View'!C$25 | G44: =IF('1 - Staff Calendar View'!C$27="-","-",'1 - Staff Calendar View'!C$27) | H44: =IF('2 - My Shifts'!$C$4="","",IF(OR(F44="-",F44=""),"",IF(UPPER(TRIM(F44))=UPPER(TRIM('2 - My Shifts'!$C$4)),ROW()-1,""))) -> #REF!
A45: ='1 - Staff Calendar View'!$A$22 -> Wk 12 | B45: ='1 - Staff Calendar View'!C$21 -> 46216 | C45: =TEXT(B45,"ddd") -> Mon | D45: ='1 - Staff Calendar View'!$B$25 -> Caulfield Drop-in | E45: =VLOOKUP(D45,'1 - Staff Calendar View'!$I$49:$J$51,2,FALSE()) -> 10:40AM-2:20PM | F45: ='1 - Staff Calendar View'!C$27 | G45: =IF('1 - Staff Calendar View'!C$25="-","-",'1 - Staff Calendar View'!C$25) | H45: =IF('2 - My Shifts'!$C$4="","",IF(OR(F45="-",F45=""),"",IF(UPPER(TRIM(F45))=UPPER(TRIM('2 - My Shifts'!$C$4)),ROW()-1,""))) -> #REF!
A46: ='1 - Staff Calendar View'!$A$22 -> Wk 12 | B46: ='1 - Staff Calendar View'!C$21 -> 46216 | C46: =TEXT(B46,"ddd") -> Mon | D46: ='1 - Staff Calendar View'!$B$32 -> Webinars Support Advanced AI: How Do AI Models Work? | E46: =VLOOKUP(D46,'1 - Staff Calendar View'!$I$49:$J$51,2,FALSE()) -> #N/A | F46: ='1 - Staff Calendar View'!C$32 | G46: =IF('1 - Staff Calendar View'!C$33="-","-",'1 - Staff Calendar View'!C$33) | H46: =IF('2 - My Shifts'!$C$4="","",IF(OR(F46="-",F46=""),"",IF(UPPER(TRIM(F46))=UPPER(TRIM('2 - My Shifts'!$C$4)),ROW()-1,""))) -> #REF!
A47: ='1 - Staff Calendar View'!$A$22 -> Wk 12 | B47: ='1 - Staff Calendar View'!C$21 -> 46216 | C47: =TEXT(B47,"ddd") -> Mon | D47: ='1 - Staff Calendar View'!$B$32 -> Webinars Support Advanced AI: How Do AI Models Work? | E47: =VLOOKUP(D47,'1 - Staff Calendar View'!$I$49:$J$51,2,FALSE()) -> #N/A | F47: ='1 - Staff Calendar View'!C$33 | G47: =IF('1 - Staff Calendar View'!C$32="-","-",'1 - Staff Calendar View'!C$32) | H47: =IF('2 - My Shifts'!$C$4="","",IF(OR(F47="-",F47=""),"",IF(UPPER(TRIM(F47))=UPPER(TRIM('2 - My Shifts'!$C$4)),ROW()-1,""))) -> #REF!
A48: ='1 - Staff Calendar View'!$A$22 -> Wk 12 | B48: ='1 - Staff Calendar View'!C$21 -> 46216 | C48: =TEXT(B48,"ddd") -> Mon | D48: ='1 - Staff Calendar View'!$B$34 -> In Person Sessions | E48: =VLOOKUP(D48,'1 - Staff Calendar View'!$I$49:$J$51,2,FALSE()) -> #N/A | F48: ='1 - Staff Calendar View'!C$34 | G48: =IF('1 - Staff Calendar View'!C$35="-","-",'1 - Staff Calendar View'!C$35) | H48: =IF('2 - My Shifts'!$C$4="","",IF(OR(F48="-",F48=""),"",IF(UPPER(TRIM(F48))=UPPER(TRIM('2 - My Shifts'!$C$4)),ROW()-1,""))) -> #REF!
A49: ='1 - Staff Calendar View'!$A$22 -> Wk 12 | B49: ='1 - Staff Calendar View'!C$21 -> 46216 | C49: =TEXT(B49,"ddd") -> Mon | D49: ='1 - Staff Calendar View'!$B$34 -> In Person Sessions | E49: =VLOOKUP(D49,'1 - Staff Calendar View'!$I$49:$J$51,2,FALSE()) -> #N/A | F49: ='1 - Staff Calendar View'!C$35 | G49: =IF('1 - Staff Calendar View'!C$34="-","-",'1 - Staff Calendar View'!C$34) | H49: =IF('2 - My Shifts'!$C$4="","",IF(OR(F49="-",F49=""),"",IF(UPPER(TRIM(F49))=UPPER(TRIM('2 - My Shifts'!$C$4)),ROW()-1,""))) -> #REF!
A50: ='1 - Staff Calendar View'!$A$22 -> Wk 12 | B50: ='1 - Staff Calendar View'!D$21 -> 46217 | C50: =TEXT(B50,"ddd") -> Tue | D50: ='1 - Staff Calendar View'!$B$22 -> Clayton Drop-in | E50: =VLOOKUP(D50,'1 - Staff Calendar View'!$I$49:$J$51,2,FALSE()) -> #N/A | F50: ='1 - Staff Calendar View'!D$22 -> Sener | G50: =IF('1 - Staff Calendar View'!D$24="-","-",'1 - Staff Calendar View'!D$24) | H50: =IF('2 - My Shifts'!$C$4="","",IF(OR(F50="-",F50=""),"",IF(UPPER(TRIM(F50))=UPPER(TRIM('2 - My Shifts'!$C$4)),ROW()-1,""))) -> #REF!
A51: ='1 - Staff Calendar View'!$A$22 -> Wk 12 | B51: ='1 - Staff Calendar View'!D$21 -> 46217 | C51: =TEXT(B51,"ddd") -> Tue | D51: ='1 - Staff Calendar View'!$B$22 -> Clayton Drop-in | E51: =VLOOKUP(D51,'1 - Staff Calendar View'!$I$49:$J$51,2,FALSE()) -> #N/A | F51: ='1 - Staff Calendar View'!D$24 | G51: =IF('1 - Staff Calendar View'!D$22="-","-",'1 - Staff Calendar View'!D$22) -> Sener | H51: =IF('2 - My Shifts'!$C$4="","",IF(OR(F51="-",F51=""),"",IF(UPPER(TRIM(F51))=UPPER(TRIM('2 - My Shifts'!$C$4)),ROW()-1,""))) -> #REF!
A52: ='1 - Staff Calendar View'!$A$22 -> Wk 12 | B52: ='1 - Staff Calendar View'!D$21 -> 46217 | C52: =TEXT(B52,"ddd") -> Tue | D52: ='1 - Staff Calendar View'!$B$25 -> Caulfield Drop-in | E52: =VLOOKUP(D52,'1 - Staff Calendar View'!$I$49:$J$51,2,FALSE()) -> 10:40AM-2:20PM | F52: ='1 - Staff Calendar View'!D$25 -> Hailey | G52: =IF('1 - Staff Calendar View'!D$26="-","-",'1 - Staff Calendar View'!D$26) | H52: =IF('2 - My Shifts'!$C$4="","",IF(OR(F52="-",F52=""),"",IF(UPPER(TRIM(F52))=UPPER(TRIM('2 - My Shifts'!$C$4)),ROW()-1,""))) -> #REF!
A53: ='1 - Staff Calendar View'!$A$22 -> Wk 12 | B53: ='1 - Staff Calendar View'!D$21 -> 46217 | C53: =TEXT(B53,"ddd") -> Tue | D53: ='1 - Staff Calendar View'!$B$25 -> Caulfield Drop-in | E53: =VLOOKUP(D53,'1 - Staff Calendar View'!$I$49:$J$51,2,FALSE()) -> 10:40AM-2:20PM | F53: ='1 - Staff Calendar View'!D$26 | G53: =IF('1 - Staff Calendar View'!D$25="-","-",'1 - Staff Calendar View'!D$25) -> Hailey | H53: =IF('2 - My Shifts'!$C$4="","",IF(OR(F53="-",F53=""),"",IF(UPPER(TRIM(F53))=UPPER(TRIM('2 - My Shifts'!$C$4)),ROW()-1,""))) -> #REF!
A54: ='1 - Staff Calendar View'!$A$22 -> Wk 12 | B54: ='1 - Staff Calendar View'!D$21 -> 46217 | C54: =TEXT(B54,"ddd") -> Tue | D54: ='1 - Staff Calendar View'!$B$32 -> Webinars Support Advanced AI: How Do AI Models Work? | E54: =VLOOKUP(D54,'1 - Staff Calendar View'!$I$49:$J$51,2,FALSE()) -> #N/A | F54: ='1 - Staff Calendar View'!D$32 | G54: =IF('1 - Staff Calendar View'!D$33="-","-",'1 - Staff Calendar View'!D$33) | H54: =IF('2 - My Shifts'!$C$4="","",IF(OR(F54="-",F54=""),"",IF(UPPER(TRIM(F54))=UPPER(TRIM('2 - My Shifts'!$C$4)),ROW()-1,""))) -> #REF!
A55: ='1 - Staff Calendar View'!$A$22 -> Wk 12 | B55: ='1 - Staff Calendar View'!D$21 -> 46217 | C55: =TEXT(B55,"ddd") -> Tue | D55: ='1 - Staff Calendar View'!$B$32 -> Webinars Support Advanced AI: How Do AI Models Work? | E55: =VLOOKUP(D55,'1 - Staff Calendar View'!$I$49:$J$51,2,FALSE()) -> #N/A | F55: ='1 - Staff Calendar View'!D$33 | G55: =IF('1 - Staff Calendar View'!D$32="-","-",'1 - Staff Calendar View'!D$32) | H55: =IF('2 - My Shifts'!$C$4="","",IF(OR(F55="-",F55=""),"",IF(UPPER(TRIM(F55))=UPPER(TRIM('2 - My Shifts'!$C$4)),ROW()-1,""))) -> #REF!
A56: ='1 - Staff Calendar View'!$A$22 -> Wk 12 | B56: ='1 - Staff Calendar View'!D$21 -> 46217 | C56: =TEXT(B56,"ddd") -> Tue | D56: ='1 - Staff Calendar View'!$B$34 -> In Person Sessions | E56: =VLOOKUP(D56,'1 - Staff Calendar View'!$I$49:$J$51,2,FALSE()) -> #N/A | F56: ='1 - Staff Calendar View'!D$34 | G56: =IF('1 - Staff Calendar View'!D$35="-","-",'1 - Staff Calendar View'!D$35) | H56: =IF('2 - My Shifts'!$C$4="","",IF(OR(F56="-",F56=""),"",IF(UPPER(TRIM(F56))=UPPER(TRIM('2 - My Shifts'!$C$4)),ROW()-1,""))) -> #REF!
A57: ='1 - Staff Calendar View'!$A$22 -> Wk 12 | B57: ='1 - Staff Calendar View'!D$21 -> 46217 | C57: =TEXT(B57,"ddd") -> Tue | D57: ='1 - Staff Calendar View'!$B$34 -> In Person Sessions | E57: =VLOOKUP(D57,'1 - Staff Calendar View'!$I$49:$J$51,2,FALSE()) -> #N/A | F57: ='1 - Staff Calendar View'!D$35 | G57: =IF('1 - Staff Calendar View'!D$34="-","-",'1 - Staff Calendar View'!D$34) | H57: =IF('2 - My Shifts'!$C$4="","",IF(OR(F57="-",F57=""),"",IF(UPPER(TRIM(F57))=UPPER(TRIM('2 - My Shifts'!$C$4)),ROW()-1,""))) -> #REF!
A58: ='1 - Staff Calendar View'!$A$22 -> Wk 12 | B58: ='1 - Staff Calendar View'!E$21 -> 46218 | C58: =TEXT(B58,"ddd") -> Wed | D58: ='1 - Staff Calendar View'!$B$22 -> Clayton Drop-in | E58: =VLOOKUP(D58,'1 - Staff Calendar View'!$I$49:$J$51,2,FALSE()) -> #N/A | F58: ='1 - Staff Calendar View'!E$22 -> Grace | G58: =IF('1 - Staff Calendar View'!E$24="-","-",'1 - Staff Calendar View'!E$24) | H58: =IF('2 - My Shifts'!$C$4="","",IF(OR(F58="-",F58=""),"",IF(UPPER(TRIM(F58))=UPPER(TRIM('2 - My Shifts'!$C$4)),ROW()-1,""))) -> #REF!
A59: ='1 - Staff Calendar View'!$A$22 -> Wk 12 | B59: ='1 - Staff Calendar View'!E$21 -> 46218 | C59: =TEXT(B59,"ddd") -> Wed | D59: ='1 - Staff Calendar View'!$B$22 -> Clayton Drop-in | E59: =VLOOKUP(D59,'1 - Staff Calendar View'!$I$49:$J$51,2,FALSE()) -> #N/A | F59: ='1 - Staff Calendar View'!E$24 | G59: =IF('1 - Staff Calendar View'!E$22="-","-",'1 - Staff Calendar View'!E$22) -> Grace | H59: =IF('2 - My Shifts'!$C$4="","",IF(OR(F59="-",F59=""),"",IF(UPPER(TRIM(F59))=UPPER(TRIM('2 - My Shifts'!$C$4)),ROW()-1,""))) -> #REF!
A60: ='1 - Staff Calendar View'!$A$22 -> Wk 12 | B60: ='1 - Staff Calendar View'!E$21 -> 46218 | C60: =TEXT(B60,"ddd") -> Wed | D60: ='1 - Staff Calendar View'!$B$25 -> Caulfield Drop-in | E60: =VLOOKUP(D60,'1 - Staff Calendar View'!$I$49:$J$51,2,FALSE()) -> 10:40AM-2:20PM | F60: ='1 - Staff Calendar View'!E$25 -> Omila | G60: =IF('1 - Staff Calendar View'!E$27="-","-",'1 - Staff Calendar View'!E$27) -> Jaemin | H60: =IF('2 - My Shifts'!$C$4="","",IF(OR(F60="-",F60=""),"",IF(UPPER(TRIM(F60))=UPPER(TRIM('2 - My Shifts'!$C$4)),ROW()-1,""))) -> #REF!
A61: ='1 - Staff Calendar View'!$A$22 -> Wk 12 | B61: ='1 - Staff Calendar View'!E$21 -> 46218 | C61: =TEXT(B61,"ddd") -> Wed | D61: ='1 - Staff Calendar View'!$B$25 -> Caulfield Drop-in | E61: =VLOOKUP(D61,'1 - Staff Calendar View'!$I$49:$J$51,2,FALSE()) -> 10:40AM-2:20PM | F61: ='1 - Staff Calendar View'!E$27 -> Jaemin | G61: =IF('1 - Staff Calendar View'!E$25="-","-",'1 - Staff Calendar View'!E$25) -> Omila | H61: =IF('2 - My Shifts'!$C$4="","",IF(OR(F61="-",F61=""),"",IF(UPPER(TRIM(F61))=UPPER(TRIM('2 - My Shifts'!$C$4)),ROW()-1,""))) -> #REF!
A62: ='1 - Staff Calendar View'!$A$22 -> Wk 12 | B62: ='1 - Staff Calendar View'!E$21 -> 46218 | C62: =TEXT(B62,"ddd") -> Wed | D62: ='1 - Staff Calendar View'!$B$32 -> Webinars Support Advanced AI: How Do AI Models Work? | E62: =VLOOKUP(D62,'1 - Staff Calendar View'!$I$49:$J$51,2,FALSE()) -> #N/A | F62: ='1 - Staff Calendar View'!E$31 -> Cass | G62: =IF('1 - Staff Calendar View'!E$33="-","-",'1 - Staff Calendar View'!E$33) | H62: =IF('2 - My Shifts'!$C$4="","",IF(OR(F62="-",F62=""),"",IF(UPPER(TRIM(F62))=UPPER(TRIM('2 - My Shifts'!$C$4)),ROW()-1,""))) -> #REF!
A63: ='1 - Staff Calendar View'!$A$22 -> Wk 12 | B63: ='1 - Staff Calendar View'!E$21 -> 46218 | C63: =TEXT(B63,"ddd") -> Wed | D63: ='1 - Staff Calendar View'!$B$32 -> Webinars Support Advanced AI: How Do AI Models Work? | E63: =VLOOKUP(D63,'1 - Staff Calendar View'!$I$49:$J$51,2,FALSE()) -> #N/A | F63: ='1 - Staff Calendar View'!E$33 | G63: =IF('1 - Staff Calendar View'!E$31="-","-",'1 - Staff Calendar View'!E$31) -> Cass | H63: =IF('2 - My Shifts'!$C$4="","",IF(OR(F63="-",F63=""),"",IF(UPPER(TRIM(F63))=UPPER(TRIM('2 - My Shifts'!$C$4)),ROW()-1,""))) -> #REF!
A64: ='1 - Staff Calendar View'!$A$22 -> Wk 12 | B64: ='1 - Staff Calendar View'!E$21 -> 46218 | C64: =TEXT(B64,"ddd") -> Wed | D64: ='1 - Staff Calendar View'!$B$34 -> In Person Sessions | E64: =VLOOKUP(D64,'1 - Staff Calendar View'!$I$49:$J$51,2,FALSE()) -> #N/A | F64: ='1 - Staff Calendar View'!E$34 | G64: =IF('1 - Staff Calendar View'!E$35="-","-",'1 - Staff Calendar View'!E$35) | H64: =IF('2 - My Shifts'!$C$4="","",IF(OR(F64="-",F64=""),"",IF(UPPER(TRIM(F64))=UPPER(TRIM('2 - My Shifts'!$C$4)),ROW()-1,""))) -> #REF!
A65: ='1 - Staff Calendar View'!$A$22 -> Wk 12 | B65: ='1 - Staff Calendar View'!E$21 -> 46218 | C65: =TEXT(B65,"ddd") -> Wed | D65: ='1 - Staff Calendar View'!$B$34 -> In Person Sessions | E65: =VLOOKUP(D65,'1 - Staff Calendar View'!$I$49:$J$51,2,FALSE()) -> #N/A | F65: ='1 - Staff Calendar View'!E$35 | G65: =IF('1 - Staff Calendar View'!E$34="-","-",'1 - Staff Calendar View'!E$34) | H65: =IF('2 - My Shifts'!$C$4="","",IF(OR(F65="-",F65=""),"",IF(UPPER(TRIM(F65))=UPPER(TRIM('2 - My Shifts'!$C$4)),ROW()-1,""))) -> #REF!
A66: ='1 - Staff Calendar View'!$A$22 -> Wk 12 | B66: ='1 - Staff Calendar View'!F$21 -> 46219 | C66: =TEXT(B66,"ddd") -> Thu | D66: ='1 - Staff Calendar View'!$B$22 -> Clayton Drop-in | E66: =VLOOKUP(D66,'1 - Staff Calendar View'!$I$49:$J$51,2,FALSE()) -> #N/A | F66: ='1 - Staff Calendar View'!F$22 -> Grace | G66: =IF('1 - Staff Calendar View'!F$24="-","-",'1 - Staff Calendar View'!F$24) -> Hailey | H66: =IF('2 - My Shifts'!$C$4="","",IF(OR(F66="-",F66=""),"",IF(UPPER(TRIM(F66))=UPPER(TRIM('2 - My Shifts'!$C$4)),ROW()-1,""))) -> #REF!
A67: ='1 - Staff Calendar View'!$A$22 -> Wk 12 | B67: ='1 - Staff Calendar View'!F$21 -> 46219 | C67: =TEXT(B67,"ddd") -> Thu | D67: ='1 - Staff Calendar View'!$B$22 -> Clayton Drop-in | E67: =VLOOKUP(D67,'1 - Staff Calendar View'!$I$49:$J$51,2,FALSE()) -> #N/A | F67: ='1 - Staff Calendar View'!F$24 -> Hailey | G67: =IF('1 - Staff Calendar View'!F$22="-","-",'1 - Staff Calendar View'!F$22) -> Grace | H67: =IF('2 - My Shifts'!$C$4="","",IF(OR(F67="-",F67=""),"",IF(UPPER(TRIM(F67))=UPPER(TRIM('2 - My Shifts'!$C$4)),ROW()-1,""))) -> #REF!
A68: ='1 - Staff Calendar View'!$A$22 -> Wk 12 | B68: ='1 - Staff Calendar View'!F$21 -> 46219 | C68: =TEXT(B68,"ddd") -> Thu | D68: ='1 - Staff Calendar View'!$B$25 -> Caulfield Drop-in | E68: =VLOOKUP(D68,'1 - Staff Calendar View'!$I$49:$J$51,2,FALSE()) -> 10:40AM-2:20PM | F68: ='1 - Staff Calendar View'!F$25 -> Omila | G68: =IF('1 - Staff Calendar View'!F$27="-","-",'1 - Staff Calendar View'!F$27) -> Cass | H68: =IF('2 - My Shifts'!$C$4="","",IF(OR(F68="-",F68=""),"",IF(UPPER(TRIM(F68))=UPPER(TRIM('2 - My Shifts'!$C$4)),ROW()-1,""))) -> #REF!
A69: ='1 - Staff Calendar View'!$A$22 -> Wk 12 | B69: ='1 - Staff Calendar View'!F$21 -> 46219 | C69: =TEXT(B69,"ddd") -> Thu | D69: ='1 - Staff Calendar View'!$B$25 -> Caulfield Drop-in | E69: =VLOOKUP(D69,'1 - Staff Calendar View'!$I$49:$J$51,2,FALSE()) -> 10:40AM-2:20PM | F69: ='1 - Staff Calendar View'!F$27 -> Cass | G69: =IF('1 - Staff Calendar View'!F$25="-","-",'1 - Staff Calendar View'!F$25) -> Omila | H69: =IF('2 - My Shifts'!$C$4="","",IF(OR(F69="-",F69=""),"",IF(UPPER(TRIM(F69))=UPPER(TRIM('2 - My Shifts'!$C$4)),ROW()-1,""))) -> #REF!
A70: ='1 - Staff Calendar View'!$A$22 -> Wk 12 | B70: ='1 - Staff Calendar View'!F$21 -> 46219 | C70: =TEXT(B70,"ddd") -> Thu | D70: ='1 - Staff Calendar View'!$B$32 -> Webinars Support Advanced AI: How Do AI Models Work? | E70: =VLOOKUP(D70,'1 - Staff Calendar View'!$I$49:$J$51,2,FALSE()) -> #N/A | F70: ='1 - Staff Calendar View'!F$32 | G70: =IF('1 - Staff Calendar View'!F$33="-","-",'1 - Staff Calendar View'!F$33) | H70: =IF('2 - My Shifts'!$C$4="","",IF(OR(F70="-",F70=""),"",IF(UPPER(TRIM(F70))=UPPER(TRIM('2 - My Shifts'!$C$4)),ROW()-1,""))) -> #REF!
A71: ='1 - Staff Calendar View'!$A$22 -> Wk 12 | B71: ='1 - Staff Calendar View'!F$21 -> 46219 | C71: =TEXT(B71,"ddd") -> Thu | D71: ='1 - Staff Calendar View'!$B$32 -> Webinars Support Advanced AI: How Do AI Models Work? | E71: =VLOOKUP(D71,'1 - Staff Calendar View'!$I$49:$J$51,2,FALSE()) -> #N/A | F71: ='1 - Staff Calendar View'!F$33 | G71: =IF('1 - Staff Calendar View'!F$32="-","-",'1 - Staff Calendar View'!F$32) | H71: =IF('2 - My Shifts'!$C$4="","",IF(OR(F71="-",F71=""),"",IF(UPPER(TRIM(F71))=UPPER(TRIM('2 - My Shifts'!$C$4)),ROW()-1,""))) -> #REF!
A72: ='1 - Staff Calendar View'!$A$22 -> Wk 12 | B72: ='1 - Staff Calendar View'!F$21 -> 46219 | C72: =TEXT(B72,"ddd") -> Thu | D72: ='1 - Staff Calendar View'!$B$34 -> In Person Sessions | E72: =VLOOKUP(D72,'1 - Staff Calendar View'!$I$49:$J$51,2,FALSE()) -> #N/A | F72: ='1 - Staff Calendar View'!F$34 | G72: =IF('1 - Staff Calendar View'!F$35="-","-",'1 - Staff Calendar View'!F$35) | H72: =IF('2 - My Shifts'!$C$4="","",IF(OR(F72="-",F72=""),"",IF(UPPER(TRIM(F72))=UPPER(TRIM('2 - My Shifts'!$C$4)),ROW()-1,""))) -> #REF!
A73: ='1 - Staff Calendar View'!$A$22 -> Wk 12 | B73: ='1 - Staff Calendar View'!F$21 -> 46219 | C73: =TEXT(B73,"ddd") -> Thu | D73: ='1 - Staff Calendar View'!$B$34 -> In Person Sessions | E73: =VLOOKUP(D73,'1 - Staff Calendar View'!$I$49:$J$51,2,FALSE()) -> #N/A | F73: ='1 - Staff Calendar View'!F$35 | G73: =IF('1 - Staff Calendar View'!F$34="-","-",'1 - Staff Calendar View'!F$34) | H73: =IF('2 - My Shifts'!$C$4="","",IF(OR(F73="-",F73=""),"",IF(UPPER(TRIM(F73))=UPPER(TRIM('2 - My Shifts'!$C$4)),ROW()-1,""))) -> #REF!
A74: ='1 - Staff Calendar View'!$A$22 -> Wk 12 | B74: ='1 - Staff Calendar View'!G$21 -> 46220 | C74: =TEXT(B74,"ddd") -> Fri | D74: ='1 - Staff Calendar View'!$B$22 -> Clayton Drop-in | E74: =VLOOKUP(D74,'1 - Staff Calendar View'!$I$49:$J$51,2,FALSE()) -> #N/A | F74: ='1 - Staff Calendar View'!G$22 | G74: =IF('1 - Staff Calendar View'!G$24="-","-",'1 - Staff Calendar View'!G$24) | H74: =IF('2 - My Shifts'!$C$4="","",IF(OR(F74="-",F74=""),"",IF(UPPER(TRIM(F74))=UPPER(TRIM('2 - My Shifts'!$C$4)),ROW()-1,""))) -> #REF!
A75: ='1 - Staff Calendar View'!$A$22 -> Wk 12 | B75: ='1 - Staff Calendar View'!G$21 -> 46220 | C75: =TEXT(B75,"ddd") -> Fri | D75: ='1 - Staff Calendar View'!$B$22 -> Clayton Drop-in | E75: =VLOOKUP(D75,'1 - Staff Calendar View'!$I$49:$J$51,2,FALSE()) -> #N/A | F75: ='1 - Staff Calendar View'!G$24 | G75: =IF('1 - Staff Calendar View'!G$22="-","-",'1 - Staff Calendar View'!G$22) | H75: =IF('2 - My Shifts'!$C$4="","",IF(OR(F75="-",F75=""),"",IF(UPPER(TRIM(F75))=UPPER(TRIM('2 - My Shifts'!$C$4)),ROW()-1,""))) -> #REF!
A76: ='1 - Staff Calendar View'!$A$22 -> Wk 12 | B76: ='1 - Staff Calendar View'!G$21 -> 46220 | C76: =TEXT(B76,"ddd") -> Fri | D76: ='1 - Staff Calendar View'!$B$25 -> Caulfield Drop-in | E76: =VLOOKUP(D76,'1 - Staff Calendar View'!$I$49:$J$51,2,FALSE()) -> 10:40AM-2:20PM | F76: ='1 - Staff Calendar View'!G$25 | G76: =IF('1 - Staff Calendar View'!G$27="-","-",'1 - Staff Calendar View'!G$27) | H76: =IF('2 - My Shifts'!$C$4="","",IF(OR(F76="-",F76=""),"",IF(UPPER(TRIM(F76))=UPPER(TRIM('2 - My Shifts'!$C$4)),ROW()-1,""))) -> #REF!
A77: ='1 - Staff Calendar View'!$A$22 -> Wk 12 | B77: ='1 - Staff Calendar View'!G$21 -> 46220 | C77: =TEXT(B77,"ddd") -> Fri | D77: ='1 - Staff Calendar View'!$B$25 -> Caulfield Drop-in | E77: =VLOOKUP(D77,'1 - Staff Calendar View'!$I$49:$J$51,2,FALSE()) -> 10:40AM-2:20PM | F77: ='1 - Staff Calendar View'!G$27 | G77: =IF('1 - Staff Calendar View'!G$25="-","-",'1 - Staff Calendar View'!G$25) | H77: =IF('2 - My Shifts'!$C$4="","",IF(OR(F77="-",F77=""),"",IF(UPPER(TRIM(F77))=UPPER(TRIM('2 - My Shifts'!$C$4)),ROW()-1,""))) -> #REF!
A78: ='1 - Staff Calendar View'!$A$22 -> Wk 12 | B78: ='1 - Staff Calendar View'!G$21 -> 46220 | C78: =TEXT(B78,"ddd") -> Fri | D78: ='1 - Staff Calendar View'!$B$32 -> Webinars Support Advanced AI: How Do AI Models Work? | E78: =VLOOKUP(D78,'1 - Staff Calendar View'!$I$49:$J$51,2,FALSE()) -> #N/A | F78: ='1 - Staff Calendar View'!G$32 | G78: =IF('1 - Staff Calendar View'!G$33="-","-",'1 - Staff Calendar View'!G$33) | H78: =IF('2 - My Shifts'!$C$4="","",IF(OR(F78="-",F78=""),"",IF(UPPER(TRIM(F78))=UPPER(TRIM('2 - My Shifts'!$C$4)),ROW()-1,""))) -> #REF!
A79: ='1 - Staff Calendar View'!$A$22 -> Wk 12 | B79: ='1 - Staff Calendar View'!G$21 -> 46220 | C79: =TEXT(B79,"ddd") -> Fri | D79: ='1 - Staff Calendar View'!$B$32 -> Webinars Support Advanced AI: How Do AI Models Work? | E79: =VLOOKUP(D79,'1 - Staff Calendar View'!$I$49:$J$51,2,FALSE()) -> #N/A | F79: ='1 - Staff Calendar View'!G$33 | G79: =IF('1 - Staff Calendar View'!G$32="-","-",'1 - Staff Calendar View'!G$32) | H79: =IF('2 - My Shifts'!$C$4="","",IF(OR(F79="-",F79=""),"",IF(UPPER(TRIM(F79))=UPPER(TRIM('2 - My Shifts'!$C$4)),ROW()-1,""))) -> #REF!
A80: ='1 - Staff Calendar View'!$A$22 -> Wk 12 | B80: ='1 - Staff Calendar View'!G$21 -> 46220 | C80: =TEXT(B80,"ddd") -> Fri | D80: ='1 - Staff Calendar View'!$B$34 -> In Person Sessions | E80: =VLOOKUP(D80,'1 - Staff Calendar View'!$I$49:$J$51,2,FALSE()) -> #N/A | F80: ='1 - Staff Calendar View'!G$34 | G80: =IF('1 - Staff Calendar View'!G$35="-","-",'1 - Staff Calendar View'!G$35) | H80: =IF('2 - My Shifts'!$C$4="","",IF(OR(F80="-",F80=""),"",IF(UPPER(TRIM(F80))=UPPER(TRIM('2 - My Shifts'!$C$4)),ROW()-1,""))) -> #REF!
A81: ='1 - Staff Calendar View'!$A$22 -> Wk 12 | B81: ='1 - Staff Calendar View'!G$21 -> 46220 | C81: =TEXT(B81,"ddd") -> Fri | D81: ='1 - Staff Calendar View'!$B$34 -> In Person Sessions | E81: =VLOOKUP(D81,'1 - Staff Calendar View'!$I$49:$J$51,2,FALSE()) -> #N/A | F81: ='1 - Staff Calendar View'!G$35 | G81: =IF('1 - Staff Calendar View'!G$34="-","-",'1 - Staff Calendar View'!G$34) | H81: =IF('2 - My Shifts'!$C$4="","",IF(OR(F81="-",F81=""),"",IF(UPPER(TRIM(F81))=UPPER(TRIM('2 - My Shifts'!$C$4)),ROW()-1,""))) -> #REF!
A82: ='1 - Staff Calendar View'!$A$39 -> Wk 13 | B82: ='1 - Staff Calendar View'!C$38 -> 46223 | C82: =TEXT(B82,"ddd") -> Mon | D82: ='1 - Staff Calendar View'!$B$39 -> Clayton Drop-in | E82: =VLOOKUP(D82,'1 - Staff Calendar View'!$I$49:$J$51,2,FALSE()) -> #N/A | F82: ='1 - Staff Calendar View'!C$39 | G82: =IF('1 - Staff Calendar View'!C$41="-","-",'1 - Staff Calendar View'!C$41) | H82: =IF('2 - My Shifts'!$C$4="","",IF(OR(F82="-",F82=""),"",IF(UPPER(TRIM(F82))=UPPER(TRIM('2 - My Shifts'!$C$4)),ROW()-1,""))) -> #REF!
A83: ='1 - Staff Calendar View'!$A$39 -> Wk 13 | B83: ='1 - Staff Calendar View'!C$38 -> 46223 | C83: =TEXT(B83,"ddd") -> Mon | D83: ='1 - Staff Calendar View'!$B$39 -> Clayton Drop-in | E83: =VLOOKUP(D83,'1 - Staff Calendar View'!$I$49:$J$51,2,FALSE()) -> #N/A | F83: ='1 - Staff Calendar View'!C$41 | G83: =IF('1 - Staff Calendar View'!C$39="-","-",'1 - Staff Calendar View'!C$39) | H83: =IF('2 - My Shifts'!$C$4="","",IF(OR(F83="-",F83=""),"",IF(UPPER(TRIM(F83))=UPPER(TRIM('2 - My Shifts'!$C$4)),ROW()-1,""))) -> #REF!
A84: ='1 - Staff Calendar View'!$A$39 -> Wk 13 | B84: ='1 - Staff Calendar View'!C$38 -> 46223 | C84: =TEXT(B84,"ddd") -> Mon | D84: ='1 - Staff Calendar View'!$B$43 | E84: =VLOOKUP(D84,'1 - Staff Calendar View'!$I$49:$J$51,2,FALSE()) -> #N/A | F84: ='1 - Staff Calendar View'!C$43 | G84: =IF('1 - Staff Calendar View'!C$45="-","-",'1 - Staff Calendar View'!C$45) | H84: =IF('2 - My Shifts'!$C$4="","",IF(OR(F84="-",F84=""),"",IF(UPPER(TRIM(F84))=UPPER(TRIM('2 - My Shifts'!$C$4)),ROW()-1,""))) -> #REF!
A85: ='1 - Staff Calendar View'!$A$39 -> Wk 13 | B85: ='1 - Staff Calendar View'!C$38 -> 46223 | C85: =TEXT(B85,"ddd") -> Mon | D85: ='1 - Staff Calendar View'!$B$43 | E85: =VLOOKUP(D85,'1 - Staff Calendar View'!$I$49:$J$51,2,FALSE()) -> #N/A | F85: ='1 - Staff Calendar View'!C$45 | G85: =IF('1 - Staff Calendar View'!C$43="-","-",'1 - Staff Calendar View'!C$43) | H85: =IF('2 - My Shifts'!$C$4="","",IF(OR(F85="-",F85=""),"",IF(UPPER(TRIM(F85))=UPPER(TRIM('2 - My Shifts'!$C$4)),ROW()-1,""))) -> #REF!
A86: ='1 - Staff Calendar View'!$A$39 -> Wk 13 | B86: ='1 - Staff Calendar View'!C$38 -> 46223 | C86: =TEXT(B86,"ddd") -> Mon | D86: =#REF! -> #REF! | E86: =VLOOKUP(D86,'1 - Staff Calendar View'!$I$49:$J$51,2,FALSE()) -> #REF! | F86: =#REF! -> #REF! | G86: =IF(#REF!="-","-",#REF!) -> #REF! | H86: =IF('2 - My Shifts'!$C$4="","",IF(OR(F86="-",F86=""),"",IF(UPPER(TRIM(F86))=UPPER(TRIM('2 - My Shifts'!$C$4)),ROW()-1,""))) -> #REF!
A87: ='1 - Staff Calendar View'!$A$39 -> Wk 13 | B87: ='1 - Staff Calendar View'!C$38 -> 46223 | C87: =TEXT(B87,"ddd") -> Mon | D87: =#REF! -> #REF! | E87: =VLOOKUP(D87,'1 - Staff Calendar View'!$I$49:$J$51,2,FALSE()) -> #REF! | F87: =#REF! -> #REF! | G87: =IF(#REF!="-","-",#REF!) -> #REF! | H87: =IF('2 - My Shifts'!$C$4="","",IF(OR(F87="-",F87=""),"",IF(UPPER(TRIM(F87))=UPPER(TRIM('2 - My Shifts'!$C$4)),ROW()-1,""))) -> #REF!
A88: ='1 - Staff Calendar View'!$A$39 -> Wk 13 | B88: ='1 - Staff Calendar View'!C$38 -> 46223 | C88: =TEXT(B88,"ddd") -> Mon | D88: =#REF! -> #REF! | E88: =VLOOKUP(D88,'1 - Staff Calendar View'!$I$49:$J$51,2,FALSE()) -> #REF! | F88: =#REF! -> #REF! | G88: =IF(#REF!="-","-",#REF!) -> #REF! | H88: =IF('2 - My Shifts'!$C$4="","",IF(OR(F88="-",F88=""),"",IF(UPPER(TRIM(F88))=UPPER(TRIM('2 - My Shifts'!$C$4)),ROW()-1,""))) -> #REF!
A89: ='1 - Staff Calendar View'!$A$39 -> Wk 13 | B89: ='1 - Staff Calendar View'!C$38 -> 46223 | C89: =TEXT(B89,"ddd") -> Mon | D89: =#REF! -> #REF! | E89: =VLOOKUP(D89,'1 - Staff Calendar View'!$I$49:$J$51,2,FALSE()) -> #REF! | F89: =#REF! -> #REF! | G89: =IF(#REF!="-","-",#REF!) -> #REF! | H89: =IF('2 - My Shifts'!$C$4="","",IF(OR(F89="-",F89=""),"",IF(UPPER(TRIM(F89))=UPPER(TRIM('2 - My Shifts'!$C$4)),ROW()-1,""))) -> #REF!
A90: ='1 - Staff Calendar View'!$A$39 -> Wk 13 | B90: ='1 - Staff Calendar View'!D$38 -> 46224 | C90: =TEXT(B90,"ddd") -> Tue | D90: ='1 - Staff Calendar View'!$B$39 -> Clayton Drop-in | E90: =VLOOKUP(D90,'1 - Staff Calendar View'!$I$49:$J$51,2,FALSE()) -> #N/A | F90: ='1 - Staff Calendar View'!D$39 -> Advay | G90: =IF('1 - Staff Calendar View'!D$40="-","-",'1 - Staff Calendar View'!D$40) -> Cass | H90: =IF('2 - My Shifts'!$C$4="","",IF(OR(F90="-",F90=""),"",IF(UPPER(TRIM(F90))=UPPER(TRIM('2 - My Shifts'!$C$4)),ROW()-1,""))) -> #REF!
A91: ='1 - Staff Calendar View'!$A$39 -> Wk 13 | B91: ='1 - Staff Calendar View'!D$38 -> 46224 | C91: =TEXT(B91,"ddd") -> Tue | D91: ='1 - Staff Calendar View'!$B$39 -> Clayton Drop-in | E91: =VLOOKUP(D91,'1 - Staff Calendar View'!$I$49:$J$51,2,FALSE()) -> #N/A | F91: ='1 - Staff Calendar View'!D$40 -> Cass | G91: =IF('1 - Staff Calendar View'!D$39="-","-",'1 - Staff Calendar View'!D$39) -> Advay | H91: =IF('2 - My Shifts'!$C$4="","",IF(OR(F91="-",F91=""),"",IF(UPPER(TRIM(F91))=UPPER(TRIM('2 - My Shifts'!$C$4)),ROW()-1,""))) -> #REF!
A92: ='1 - Staff Calendar View'!$A$39 -> Wk 13 | B92: ='1 - Staff Calendar View'!D$38 -> 46224 | C92: =TEXT(B92,"ddd") -> Tue | D92: ='1 - Staff Calendar View'!$B$43 | E92: =VLOOKUP(D92,'1 - Staff Calendar View'!$I$49:$J$51,2,FALSE()) -> #N/A | F92: ='1 - Staff Calendar View'!D$43 -> Ekachit | G92: =IF('1 - Staff Calendar View'!D$45="-","-",'1 - Staff Calendar View'!D$45) | H92: =IF('2 - My Shifts'!$C$4="","",IF(OR(F92="-",F92=""),"",IF(UPPER(TRIM(F92))=UPPER(TRIM('2 - My Shifts'!$C$4)),ROW()-1,""))) -> #REF!
A93: ='1 - Staff Calendar View'!$A$39 -> Wk 13 | B93: ='1 - Staff Calendar View'!D$38 -> 46224 | C93: =TEXT(B93,"ddd") -> Tue | D93: ='1 - Staff Calendar View'!$B$43 | E93: =VLOOKUP(D93,'1 - Staff Calendar View'!$I$49:$J$51,2,FALSE()) -> #N/A | F93: ='1 - Staff Calendar View'!D$45 | G93: =IF('1 - Staff Calendar View'!D$43="-","-",'1 - Staff Calendar View'!D$43) -> Ekachit | H93: =IF('2 - My Shifts'!$C$4="","",IF(OR(F93="-",F93=""),"",IF(UPPER(TRIM(F93))=UPPER(TRIM('2 - My Shifts'!$C$4)),ROW()-1,""))) -> #REF!
A94: ='1 - Staff Calendar View'!$A$39 -> Wk 13 | B94: ='1 - Staff Calendar View'!D$38 -> 46224 | C94: =TEXT(B94,"ddd") -> Tue | D94: =#REF! -> #REF! | E94: =VLOOKUP(D94,'1 - Staff Calendar View'!$I$49:$J$51,2,FALSE()) -> #REF! | F94: =#REF! -> #REF! | G94: =IF(#REF!="-","-",#REF!) -> #REF! | H94: =IF('2 - My Shifts'!$C$4="","",IF(OR(F94="-",F94=""),"",IF(UPPER(TRIM(F94))=UPPER(TRIM('2 - My Shifts'!$C$4)),ROW()-1,""))) -> #REF!
A95: ='1 - Staff Calendar View'!$A$39 -> Wk 13 | B95: ='1 - Staff Calendar View'!D$38 -> 46224 | C95: =TEXT(B95,"ddd") -> Tue | D95: =#REF! -> #REF! | E95: =VLOOKUP(D95,'1 - Staff Calendar View'!$I$49:$J$51,2,FALSE()) -> #REF! | F95: =#REF! -> #REF! | G95: =IF(#REF!="-","-",#REF!) -> #REF! | H95: =IF('2 - My Shifts'!$C$4="","",IF(OR(F95="-",F95=""),"",IF(UPPER(TRIM(F95))=UPPER(TRIM('2 - My Shifts'!$C$4)),ROW()-1,""))) -> #REF!
A96: ='1 - Staff Calendar View'!$A$39 -> Wk 13 | B96: ='1 - Staff Calendar View'!D$38 -> 46224 | C96: =TEXT(B96,"ddd") -> Tue | D96: =#REF! -> #REF! | E96: =VLOOKUP(D96,'1 - Staff Calendar View'!$I$49:$J$51,2,FALSE()) -> #REF! | F96: =#REF! -> #REF! | G96: =IF(#REF!="-","-",#REF!) -> #REF! | H96: =IF('2 - My Shifts'!$C$4="","",IF(OR(F96="-",F96=""),"",IF(UPPER(TRIM(F96))=UPPER(TRIM('2 - My Shifts'!$C$4)),ROW()-1,""))) -> #REF!
A97: ='1 - Staff Calendar View'!$A$39 -> Wk 13 | B97: ='1 - Staff Calendar View'!D$38 -> 46224 | C97: =TEXT(B97,"ddd") -> Tue | D97: =#REF! -> #REF! | E97: =VLOOKUP(D97,'1 - Staff Calendar View'!$I$49:$J$51,2,FALSE()) -> #REF! | F97: =#REF! -> #REF! | G97: =IF(#REF!="-","-",#REF!) -> #REF! | H97: =IF('2 - My Shifts'!$C$4="","",IF(OR(F97="-",F97=""),"",IF(UPPER(TRIM(F97))=UPPER(TRIM('2 - My Shifts'!$C$4)),ROW()-1,""))) -> #REF!
A98: ='1 - Staff Calendar View'!$A$39 -> Wk 13 | B98: ='1 - Staff Calendar View'!E$38 -> 46225 | C98: =TEXT(B98,"ddd") -> Wed | D98: ='1 - Staff Calendar View'!$B$39 -> Clayton Drop-in | E98: =VLOOKUP(D98,'1 - Staff Calendar View'!$I$49:$J$51,2,FALSE()) -> #N/A | F98: ='1 - Staff Calendar View'!E$39 -> Yunsoo | G98: =IF('1 - Staff Calendar View'!E$41="-","-",'1 - Staff Calendar View'!E$41) -> Cass | H98: =IF('2 - My Shifts'!$C$4="","",IF(OR(F98="-",F98=""),"",IF(UPPER(TRIM(F98))=UPPER(TRIM('2 - My Shifts'!$C$4)),ROW()-1,""))) -> #REF!
A99: ='1 - Staff Calendar View'!$A$39 -> Wk 13 | B99: ='1 - Staff Calendar View'!E$38 -> 46225 | C99: =TEXT(B99,"ddd") -> Wed | D99: ='1 - Staff Calendar View'!$B$39 -> Clayton Drop-in | E99: =VLOOKUP(D99,'1 - Staff Calendar View'!$I$49:$J$51,2,FALSE()) -> #N/A | F99: ='1 - Staff Calendar View'!E$41 -> Cass | G99: =IF('1 - Staff Calendar View'!E$39="-","-",'1 - Staff Calendar View'!E$39) -> Yunsoo | H99: =IF('2 - My Shifts'!$C$4="","",IF(OR(F99="-",F99=""),"",IF(UPPER(TRIM(F99))=UPPER(TRIM('2 - My Shifts'!$C$4)),ROW()-1,""))) -> #REF!
A100: ='1 - Staff Calendar View'!$A$39 -> Wk 13 | B100: ='1 - Staff Calendar View'!E$38 -> 46225 | C100: =TEXT(B100,"ddd") -> Wed | D100: ='1 - Staff Calendar View'!$B$43 | E100: =VLOOKUP(D100,'1 - Staff Calendar View'!$I$49:$J$51,2,FALSE()) -> #N/A | F100: ='1 - Staff Calendar View'!E$43 -> Advay | G100: =IF('1 - Staff Calendar View'!E$45="-","-",'1 - Staff Calendar View'!E$45) -> Josh (shadowing) | H100: =IF('2 - My Shifts'!$C$4="","",IF(OR(F100="-",F100=""),"",IF(UPPER(TRIM(F100))=UPPER(TRIM('2 - My Shifts'!$C$4)),ROW()-1,""))) -> #REF!
...
